ts_code,trade_date,open,high,low,close,pre_close,change,pct_chg,vol,amount
836547.BJ,20250627,25.4,25.89,25.4,25.49,25.47,0.02,0.0785,11004.61,28119.221
836547.BJ,20250626,25.96,25.96,25.26,25.47,25.77,-0.3,-1.1641,15604.52,39862.813
836547.BJ,20250625,25.55,25.88,25.3,25.77,25.47,0.3,1.1779,15531.32,39776.805
836547.BJ,20250624,24.88,25.6,24.88,25.47,24.91,0.56,2.2481,16455.24,41707.724
836547.BJ,20250623,24.5,25.0,24.23,24.91,24.77,0.14,0.5652,11810.22,29080.643
836547.BJ,20250620,24.66,25.1,24.29,24.77,24.7,0.07,0.2834,10808.77,26767.678
836547.BJ,20250619,25.25,25.42,24.5,24.7,25.25,-0.55,-2.1782,12655.98,31487.502
836547.BJ,20250618,25.01,25.57,24.83,25.25,25.37,-0.12,-0.473,15175.13,38144.201
836547.BJ,20250617,26.26,26.78,25.25,25.37,25.9,-0.53,-2.0463,20580.51,53437.152
836547.BJ,20250616,25.01,25.96,25.01,25.9,25.4,0.5,1.9685,13100.7,33580.507
836547.BJ,20250613,27.05,27.16,25.4,25.4,26.94,-1.54,-5.7164,34302.49,89340.922
836547.BJ,20250612,27.0,27.3,26.72,26.94,27.2,-0.26,-0.9559,27592.04,74336.323
836547.BJ,20250611,28.01,28.2,27.05,27.2,27.88,-0.68,-2.439,33240.9,91248.509
836547.BJ,20250610,27.66,28.45,27.25,27.88,27.51,0.37,1.345,42733.66,118809.112
836547.BJ,20250609,26.6,28.34,26.55,27.51,26.83,0.68,2.5345,35282.71,97500.365
836547.BJ,20250606,27.44,27.83,26.63,26.83,27.42,-0.59,-2.1517,30544.6,82914.238
836547.BJ,20250605,28.35,28.77,27.03,27.42,28.35,-0.93,-3.2804,36718.92,100924.969
836547.BJ,20250604,28.33,28.49,27.56,28.35,28.9,-0.55,-1.9031,40934.64,114729.298
836547.BJ,20250603,27.0,29.7,26.44,29.1,27.2,1.9,6.9853,61275.55,173260.555
836547.BJ,20250530,27.18,29.28,27.18,27.2,27.4,-0.2,-0.7299,54418.16,154066.002
836547.BJ,20250529,27.3,27.9,26.66,27.4,26.78,0.62,2.3152,40487.05,110287.396
836547.BJ,20250528,27.37,27.5,26.38,26.78,27.49,-0.71,-2.5828,31179.99,83629.64
836547.BJ,20250527,26.14,27.55,25.84,27.49,26.22,1.27,4.8436,45903.68,123390.197
836547.BJ,20250526,26.2,26.84,25.11,26.22,26.22,0.0,0.0,41393.47,106829.892
836547.BJ,20250523,24.9,28.8,24.71,26.22,24.83,1.39,5.5981,70593.66,189987.381
836547.BJ,20250522,26.0,26.79,24.69,24.83,26.39,-1.56,-5.9113,34840.58,88893.21
836547.BJ,20250521,26.34,27.77,26.2,26.39,26.81,-0.42,-1.5666,42937.08,116215.709
836547.BJ,20250520,25.88,27.89,25.85,26.81,26.15,0.66,2.5239,59520.25,160510.354
836547.BJ,20250519,26.04,26.57,25.34,26.15,26.55,-0.4,-1.5066,42407.44,110066.219
836547.BJ,20250516,27.56,28.0,26.48,26.55,29.5,-2.95,-10.0,74217.41,200171.355
836547.BJ,20250515,24.9,30.99,24.9,29.5,25.12,4.38,17.4363,107403.97,306039.807
836547.BJ,20250514,25.36,25.8,24.28,25.12,25.07,0.05,0.1994,33832.34,83718.041
836547.BJ,20250513,24.53,26.28,24.15,25.07,24.21,0.86,3.5523,60411.11,152824.276
836547.BJ,20250512,24.2,24.62,23.55,24.21,24.36,-0.15,-0.6158,31499.62,75599.37
836547.BJ,20250509,23.66,25.52,23.4,24.36,23.77,0.59,2.4821,41050.66,101147.033
836547.BJ,20250508,23.6,24.2,23.26,23.77,23.51,0.26,1.1059,23562.68,55982.933
836547.BJ,20250507,23.36,24.3,22.93,23.51,23.17,0.34,1.4674,31549.01,74103.311
836547.BJ,20250506,22.43,23.67,22.2,23.17,22.35,0.82,3.6689,33344.93,77071.156
836547.BJ,20250430,21.4,22.54,21.3,22.35,20.6,1.75,8.4951,37062.11,81779.345
836547.BJ,20250429,20.44,20.72,20.03,20.6,20.12,0.48,2.3857,15632.72,31793.43
836547.BJ,20250428,20.84,20.88,20.0,20.12,20.86,-0.74,-3.5475,14828.14,30150.152
836547.BJ,20250425,22.04,22.2,20.63,20.86,22.15,-1.29,-5.8239,33214.61,71225.583
836547.BJ,20250424,21.86,23.31,21.76,22.15,21.86,0.29,1.3266,35675.96,80328.244
836547.BJ,20250423,22.51,23.0,21.83,21.86,22.3,-0.44,-1.9731,24506.77,54826.617
836547.BJ,20250422,22.5,22.88,22.15,22.3,22.87,-0.57,-2.4923,22414.02,50218.451
836547.BJ,20250421,21.99,22.88,21.66,22.87,22.73,0.14,0.6159,30507.28,68205.119
836547.BJ,20250418,23.48,24.7,22.73,22.73,23.4,-0.67,-2.8632,42438.13,99235.413
836547.BJ,20250417,21.71,23.4,21.52,23.4,21.5,1.9,8.8372,48682.93,109992.845
836547.BJ,20250416,21.99,22.36,21.18,21.5,22.5,-1.0,-4.4444,28391.55,61407.254
836547.BJ,20250415,22.0,23.48,21.8,22.5,22.16,0.34,1.5343,40531.98,92024.963
836547.BJ,20250414,21.66,22.41,21.45,22.16,21.51,0.65,3.0219,28194.39,61840.641
836547.BJ,20250411,21.5,22.28,21.1,21.51,22.3,-0.79,-3.5426,40939.39,88354.272
836547.BJ,20250410,20.21,22.99,20.0,22.3,20.2,2.1,10.396,56058.07,121930.791
836547.BJ,20250409,18.19,20.47,17.75,20.2,18.77,1.43,7.6185,35351.52,68297.962
836547.BJ,20250408,17.64,18.88,17.57,18.77,17.14,1.63,9.5099,30055.22,54883.793
836547.BJ,20250407,19.79,19.79,16.33,17.14,21.23,-4.09,-19.2652,33426.77,61147.78
836547.BJ,20250403,20.77,21.98,20.69,21.23,21.0,0.23,1.0952,25355.93,54499.559
836547.BJ,20250402,20.63,21.45,20.55,21.0,21.03,-0.03,-0.1427,20919.04,43939.424
836547.BJ,20250401,20.18,21.77,20.18,21.03,20.17,0.86,4.2638,33191.14,70407.274
836547.BJ,20250331,22.0,22.0,19.93,20.17,22.35,-2.18,-9.7539,33430.88,68813.225
836547.BJ,20250328,23.32,24.22,22.35,22.35,23.68,-1.33,-5.6166,37819.79,88018.029
836547.BJ,20250327,22.4,23.68,21.77,23.68,22.51,1.17,5.1977,47060.15,108774.554
836547.BJ,20250326,22.92,23.12,22.3,22.51,23.36,-0.85,-3.6387,29930.75,67620.981
836547.BJ,20250325,22.0,23.56,21.68,23.36,22.19,1.17,5.2726,50971.82,116197.766
836547.BJ,20250324,21.22,22.19,20.68,22.19,21.0,1.19,5.6667,19402.38,41092.122
836547.BJ,20250321,21.62,21.88,20.8,21.0,21.65,-0.65,-3.0023,24455.05,52073.691
836547.BJ,20250320,22.41,22.62,21.6,21.65,22.36,-0.71,-3.1753,29129.06,64580.238
836547.BJ,20250319,23.55,23.55,22.18,22.36,24.1,-1.74,-7.2199,49328.0,112843.427
836547.BJ,20250318,24.65,24.91,23.82,24.1,25.05,-0.95,-3.7924,67562.82,163153.414
836547.BJ,20250317,30.0,31.0,24.64,25.05,27.78,-2.73,-9.8272,119384.77,325056.839
836547.BJ,20250314,21.35,27.78,21.32,27.78,21.37,6.41,29.9953,102274.6,254338.288
836547.BJ,20250313,20.29,21.42,19.81,21.37,20.43,0.94,4.6011,25092.82,51821.617
836547.BJ,20250312,20.82,21.14,20.43,20.43,20.63,-0.2,-0.9695,18920.16,39227.124
836547.BJ,20250311,20.0,20.86,19.94,20.63,20.57,0.06,0.2917,14514.71,29675.827
836547.BJ,20250310,19.98,20.6,19.98,20.57,19.88,0.69,3.4708,16954.67,34430.279
836547.BJ,20250307,20.06,20.77,19.61,19.88,20.21,-0.33,-1.6329,22937.39,46395.686
836547.BJ,20250306,20.66,21.18,19.98,20.21,21.19,-0.98,-4.6248,34432.65,70310.058
836547.BJ,20250305,19.84,21.8,19.84,21.19,20.26,0.93,4.5903,47159.64,99557.181
836547.BJ,20250304,19.76,21.4,19.76,20.26,19.38,0.88,4.5408,33595.12,67825.817
836547.BJ,20250303,18.2,19.6,17.97,19.38,17.98,1.4,7.7864,28104.77,53362.007
836547.BJ,20250228,18.58,18.97,17.75,17.98,18.5,-0.52,-2.8108,15074.31,27956.274
836547.BJ,20250227,18.15,18.67,17.95,18.5,18.15,0.35,1.9284,12683.41,23248.465
836547.BJ,20250226,17.86,18.27,17.85,18.15,17.79,0.36,2.0236,10094.4,18257.449
836547.BJ,20250225,18.46,18.46,17.75,17.79,18.45,-0.66,-3.5772,13126.37,23652.233
836547.BJ,20250224,18.36,18.87,18.15,18.45,18.51,-0.06,-0.3241,13935.45,25819.064
836547.BJ,20250221,18.63,18.78,18.05,18.51,18.62,-0.11,-0.5908,14404.86,26565.925
836547.BJ,20250220,18.32,18.9,18.22,18.62,18.38,0.24,1.3058,14952.77,27834.74
836547.BJ,20250219,17.98,18.45,17.68,18.38,17.98,0.4,2.2247,14133.06,25659.697
836547.BJ,20250218,18.84,18.84,17.4,17.98,18.84,-0.86,-4.5648,19906.71,36091.695
836547.BJ,20250217,19.15,19.89,18.41,18.84,19.31,-0.47,-2.434,30131.46,57242.218
836547.BJ,20250214,17.56,19.89,17.21,19.31,17.56,1.75,9.9658,41488.23,76996.749
836547.BJ,20250213,18.09,18.37,17.51,17.56,17.95,-0.39,-2.1727,13218.46,23676.085
836547.BJ,20250212,18.0,18.13,17.45,17.95,17.82,0.13,0.7295,14259.96,25389.091
836547.BJ,20250211,17.7,18.25,17.46,17.82,17.85,-0.03,-0.1681,19992.69,35717.816
836547.BJ,20250210,16.98,18.48,16.96,17.85,16.9,0.95,5.6213,21880.51,38577.122
836547.BJ,20250207,16.2,17.28,16.08,16.9,16.19,0.71,4.3854,20073.05,33554.55
836547.BJ,20250206,15.58,16.21,15.43,16.19,15.6,0.59,3.7821,12161.49,19386.225
836547.BJ,20250205,15.67,15.83,15.6,15.6,15.59,0.01,0.0641,6165.34,9670.005
836547.BJ,20250127,15.87,15.91,15.48,15.59,15.59,0.0,0.0,7745.44,12143.965
836547.BJ,20250124,15.4,15.75,15.25,15.59,15.38,0.21,1.3654,7120.26,11085.236
836547.BJ,20250123,15.72,16.09,15.3,15.38,15.5,-0.12,-0.7742,6906.33,10888.884
836547.BJ,20250122,15.97,15.97,15.43,15.5,15.87,-0.37,-2.3314,7523.52,11758.723
836547.BJ,20250121,16.37,16.46,15.78,15.87,16.23,-0.36,-2.2181,7816.94,12523.582
836547.BJ,20250120,16.67,16.72,16.22,16.23,16.35,-0.12,-0.7339,6762.44,11140.098
836547.BJ,20250117,16.57,16.86,16.22,16.35,16.61,-0.26,-1.5653,9148.95,15074.335
836547.BJ,20250116,16.88,17.02,16.33,16.61,16.59,0.02,0.1206,12183.86,20357.101
836547.BJ,20250115,16.5,17.08,16.43,16.59,16.59,0.0,0.0,15010.59,25086.478
836547.BJ,20250114,15.42,16.66,15.42,16.59,15.37,1.22,7.9375,16033.32,25853.53
836547.BJ,20250113,15.3,15.76,15.15,15.37,15.72,-0.35,-2.2265,6426.46,9883.628
836547.BJ,20250110,16.54,16.73,15.57,15.72,16.62,-0.9,-5.4152,14117.3,22820.885
836547.BJ,20250109,16.4,16.86,16.15,16.62,16.49,0.13,0.7884,14715.98,24500.956
836547.BJ,20250108,16.15,16.56,15.82,16.49,16.25,0.24,1.4769,17074.49,27802.582
836547.BJ,20250107,16.4,16.49,15.6,16.25,16.54,-0.29,-1.7533,19991.29,31960.772
836547.BJ,20250106,16.01,16.99,16.01,16.54,15.65,0.89,5.6869,25455.88,42160.026
836547.BJ,20250103,15.5,16.36,15.18,15.65,15.26,0.39,2.5557,15433.82,24381.333
836547.BJ,20250102,15.67,15.94,15.03,15.26,15.64,-0.38,-2.4297,7991.78,12394.359
836547.BJ,20241231,15.59,16.2,15.59,15.64,15.6,0.04,0.2564,9696.48,15296.421
836547.BJ,20241230,16.51,16.62,15.6,15.6,16.59,-0.99,-5.9675,14209.45,22667.654
836547.BJ,20241227,16.66,16.95,16.46,16.59,16.43,0.16,0.9738,6541.64,10896.036
836547.BJ,20241226,16.25,16.9,16.23,16.43,16.41,0.02,0.1219,9159.18,15164.083
836547.BJ,20241225,17.17,17.8,16.39,16.41,17.17,-0.76,-4.4263,12532.35,21217.789
836547.BJ,20241224,17.22,17.58,16.77,17.17,17.22,-0.05,-0.2904,9484.21,16228.658
836547.BJ,20241223,18.23,18.23,17.12,17.22,18.16,-0.94,-5.1762,8445.35,14897.299
836547.BJ,20241220,18.46,18.48,17.92,18.16,18.2,-0.04,-0.2198,11235.57,20480.476
836547.BJ,20241219,17.89,18.38,16.82,18.2,17.94,0.26,1.4493,15525.14,27378.598
836547.BJ,20241218,18.7,18.73,17.88,17.94,18.43,-0.49,-2.6587,11857.02,21670.212
836547.BJ,20241217,19.6,19.66,18.26,18.43,19.7,-1.27,-6.4467,12713.73,23906.839
836547.BJ,20241216,19.88,20.19,19.49,19.7,19.9,-0.2,-1.005,7810.75,15485.539
836547.BJ,20241213,19.86,20.79,19.78,19.9,20.03,-0.13,-0.649,13130.83,26511.763
836547.BJ,20241212,19.66,20.06,19.12,20.03,19.66,0.37,1.882,13915.98,27361.107
836547.BJ,20241211,20.48,20.48,19.44,19.66,20.14,-0.48,-2.3833,16683.75,32974.191
836547.BJ,20241210,21.7,21.7,19.86,20.14,20.16,-0.02,-0.0992,20045.13,41668.518
836547.BJ,20241209,22.3,22.82,19.91,20.16,22.5,-2.34,-10.4,30312.12,64628.802
836547.BJ,20241206,22.7,23.97,22.11,22.5,22.53,-0.03,-0.1332,29913.4,68883.838
836547.BJ,20241205,22.4,22.87,21.99,22.53,22.57,-0.04,-0.1772,13572.23,30382.012
836547.BJ,20241204,22.77,22.96,21.9,22.57,22.77,-0.2,-0.8783,18195.73,40885.117
836547.BJ,20241203,23.53,23.53,22.6,22.77,23.18,-0.41,-1.7688,23390.64,53778.824
836547.BJ,20241202,22.78,23.48,22.4,23.18,22.56,0.62,2.7482,29685.78,68024.332
836547.BJ,20241129,22.08,22.85,21.44,22.56,22.3,0.26,1.1659,22667.1,50450.553
836547.BJ,20241128,21.52,22.88,21.16,22.3,21.43,0.87,4.0597,28277.75,62794.393
836547.BJ,20241127,21.0,21.45,19.77,21.43,21.2,0.23,1.0849,19000.5,38967.792
836547.BJ,20241126,21.82,22.46,21.2,21.2,21.73,-0.53,-2.439,18553.38,40731.774
836547.BJ,20241125,21.96,22.39,20.83,21.73,22.12,-0.39,-1.7631,20353.51,43805.719
836547.BJ,20241122,22.8,23.66,22.01,22.12,23.08,-0.96,-4.1594,30492.76,69771.317
836547.BJ,20241121,22.05,23.38,21.58,23.08,21.92,1.16,5.292,29461.18,66680.288
836547.BJ,20241120,20.96,22.12,20.5,21.92,21.23,0.69,3.2501,26654.26,57403.611
836547.BJ,20241119,22.61,23.03,19.42,21.23,22.7,-1.47,-6.4758,36685.15,76825.901
836547.BJ,20241118,22.51,23.55,22.05,22.7,22.89,-0.19,-0.8301,27242.77,62374.518
836547.BJ,20241115,23.0,23.59,22.1,22.89,23.03,-0.14,-0.6079,29453.31,67043.102
836547.BJ,20241114,24.0,24.64,22.8,23.03,24.56,-1.53,-6.2296,26514.47,62595.998
836547.BJ,20241113,24.68,24.99,23.02,24.56,25.88,-1.32,-5.1005,44043.33,105478.894
836547.BJ,20241112,27.04,28.58,25.26,25.88,26.45,-0.57,-2.155,60600.59,163801.983
836547.BJ,20241111,25.88,27.99,25.6,26.45,26.8,-0.35,-1.306,48889.04,129827.954
836547.BJ,20241108,24.7,28.12,24.01,26.8,24.65,2.15,8.7221,75794.44,194292.331
836547.BJ,20241107,26.5,28.6,24.38,24.65,24.25,0.4,1.6495,79539.63,205919.462
836547.BJ,20241106,22.0,26.9,21.02,24.25,21.58,2.67,12.3726,73818.71,177813.214
836547.BJ,20241105,20.58,21.58,20.54,21.58,20.54,1.04,5.0633,39146.11,82909.067
836547.BJ,20241104,18.97,20.58,18.86,20.54,19.24,1.3,6.7568,23669.16,47661.606
836547.BJ,20241101,20.8,20.8,18.86,19.24,20.67,-1.43,-6.9182,23066.85,45748.909
836547.BJ,20241031,21.01,21.85,19.65,20.67,22.85,-2.18,-9.5405,48215.11,101123.162
836547.BJ,20241030,20.19,23.8,19.73,22.85,20.28,2.57,12.6726,69356.69,149154.59
836547.BJ,20241029,19.3,20.5,19.1,20.28,19.32,0.96,4.9689,42167.45,84076.046
836547.BJ,20241028,19.0,19.32,18.02,19.32,19.37,-0.05,-0.2581,33787.63,63063.694
836547.BJ,20241025,19.3,21.3,19.01,19.37,20.15,-0.78,-3.871,67429.76,136079.039
836547.BJ,20241024,19.2,22.39,19.05,20.15,18.36,1.79,9.7495,68431.38,141743.422
836547.BJ,20241023,17.55,18.9,17.18,18.36,18.39,-0.03,-0.1631,34224.42,61833.436
836547.BJ,20241022,19.46,22.0,17.66,18.39,19.29,-0.9,-4.6656,49837.42,98681.076
836547.BJ,20241021,18.0,19.55,17.37,19.29,17.26,2.03,11.7613,48711.05,90352.646
836547.BJ,20241018,16.62,17.64,16.01,17.26,16.73,0.53,3.168,27152.5,46339.571
836547.BJ,20241017,15.7,17.55,15.51,16.73,16.55,0.18,1.0876,27327.15,45547.542
836547.BJ,20241016,14.59,16.55,14.28,16.55,14.8,1.75,11.8243,8334.01,12521.116
836547.BJ,20241015,15.5,15.68,14.55,14.8,15.34,-0.54,-3.5202,9437.38,14363.772
836547.BJ,20241014,14.82,15.49,14.36,15.34,14.81,0.53,3.5787,8597.03,12803.42
836547.BJ,20241011,16.0,16.0,14.55,14.81,16.2,-1.39,-8.5802,9514.05,14472.751
836547.BJ,20241010,16.35,17.12,15.64,16.2,16.26,-0.06,-0.369,11621.06,19038.477
836547.BJ,20241009,17.21,17.94,16.1,16.26,19.03,-2.77,-14.556,17498.17,29791.488
836547.BJ,20241008,19.5,20.88,17.0,19.03,16.17,2.86,17.6871,35659.49,65666.247
836547.BJ,20240930,14.13,16.6,14.13,16.17,13.65,2.52,18.4615,20912.22,31865.272
836547.BJ,20240927,12.9,13.83,12.89,13.65,12.71,0.94,7.3958,8512.1,11435.4
836547.BJ,20240926,12.32,12.71,12.23,12.71,12.36,0.35,2.8317,3771.5,4690.319
836547.BJ,20240925,12.45,12.73,12.31,12.36,12.36,0.0,0.0,3451.21,4307.418
836547.BJ,20240924,12.14,12.37,11.9,12.36,12.07,0.29,2.4027,3356.97,4085.607
836547.BJ,20240923,11.91,12.17,11.85,12.07,12.06,0.01,0.0829,826.84,992.26
836547.BJ,20240920,12.07,12.19,11.99,12.06,12.15,-0.09,-0.7407,760.72,917.361
836547.BJ,20240919,12.22,12.34,12.07,12.15,12.13,0.02,0.1649,1856.74,2260.67
836547.BJ,20240918,12.06,12.37,11.95,12.13,12.15,-0.02,-0.1646,1199.78,1456.656
836547.BJ,20240913,11.92,12.43,11.73,12.15,11.9,0.25,2.1008,3054.92,3717.897
836547.BJ,20240912,12.03,12.11,11.7,11.9,12.07,-0.17,-1.4085,1272.71,1520.942
836547.BJ,20240911,12.17,12.17,11.94,12.07,12.07,0.0,0.0,1359.52,1634.982
836547.BJ,20240910,12.3,12.3,11.92,12.07,12.13,-0.06,-0.4946,1184.56,1428.093
836547.BJ,20240909,12.5,12.5,12.04,12.13,12.4,-0.27,-2.1774,1684.25,2052.787
836547.BJ,20240906,12.81,12.81,12.3,12.4,12.65,-0.25,-1.9763,1336.44,1663.721
836547.BJ,20240905,12.49,12.9,12.49,12.65,12.57,0.08,0.6364,1377.53,1747.98
836547.BJ,20240904,12.76,12.76,12.45,12.57,12.59,-0.02,-0.1589,1390.37,1741.434
836547.BJ,20240903,12.59,12.61,12.43,12.59,12.56,0.03,0.2389,901.46,1131.262
836547.BJ,20240902,12.93,13.0,12.5,12.56,12.98,-0.42,-3.2357,2037.71,2580.087
836547.BJ,20240830,12.75,13.16,12.74,12.98,12.82,0.16,1.248,2417.12,3143.895
836547.BJ,20240829,12.95,12.95,12.66,12.82,12.82,0.0,0.0,1428.87,1823.931
836547.BJ,20240828,12.82,12.93,12.29,12.82,12.76,0.06,0.4702,2059.86,2610.911
836547.BJ,20240827,12.93,13.0,12.65,12.76,12.99,-0.23,-1.7706,2523.25,3221.323
836547.BJ,20240826,13.0,13.25,12.82,12.99,12.95,0.04,0.3089,1866.29,2419.282
836547.BJ,20240823,12.9,13.12,12.6,12.95,13.12,-0.17,-1.2957,4106.15,5248.808
836547.BJ,20240822,13.33,13.33,13.03,13.12,13.28,-0.16,-1.2048,2129.36,2802.801
836547.BJ,20240821,13.58,13.58,13.25,13.28,13.35,-0.07,-0.5243,1432.18,1906.252
836547.BJ,20240820,13.35,13.56,13.22,13.35,13.33,0.02,0.15,2824.07,3778.029
836547.BJ,20240819,13.72,13.78,13.25,13.33,13.72,-0.39,-2.8426,2601.49,3511.533
836547.BJ,20240816,14.0,14.14,13.72,13.72,14.04,-0.32,-2.2792,3395.91,4710.975
836547.BJ,20240815,14.24,14.26,13.98,14.04,13.97,0.07,0.5011,2796.44,3935.513
836547.BJ,20240814,14.34,14.41,13.97,13.97,14.52,-0.55,-3.7879,4358.02,6175.697
836547.BJ,20240813,14.55,14.56,14.23,14.52,14.75,-0.23,-1.5593,5317.75,7633.421
836547.BJ,20240812,14.1,14.77,13.8,14.75,14.1,0.65,4.6099,8997.89,12938.639
836547.BJ,20240809,14.16,14.6,13.87,14.1,14.44,-0.34,-2.3546,7344.79,10358.815
836547.BJ,20240808,13.8,14.94,13.8,14.44,13.78,0.66,4.7896,14375.03,21036.73
836547.BJ,20240807,13.9,14.0,13.69,13.78,14.0,-0.22,-1.5714,2296.44,3176.229
836547.BJ,20240806,13.8,14.19,13.55,14.0,13.58,0.42,3.0928,4056.46,5618.826
836547.BJ,20240805,14.4,14.4,13.51,13.58,14.45,-0.87,-6.0208,7377.1,10231.851
836547.BJ,20240802,14.16,14.96,13.9,14.45,14.17,0.28,1.976,10841.91,15889.346
836547.BJ,20240801,14.21,14.85,14.14,14.17,14.35,-0.18,-1.2544,5097.35,7377.061
836547.BJ,20240731,13.99,14.5,13.95,14.35,14.33,0.02,0.1396,6583.18,9327.435
836547.BJ,20240730,13.31,14.66,13.3,14.33,13.32,1.01,7.5826,10284.23,14654.894
836547.BJ,20240729,13.24,13.37,13.12,13.32,13.29,0.03,0.2257,1226.44,1622.236
836547.BJ,20240726,13.2,13.44,13.2,13.29,13.28,0.01,0.0753,1293.43,1720.959
836547.BJ,20240725,13.16,13.39,12.9,13.28,13.16,0.12,0.9119,2152.85,2855.628
836547.BJ,20240724,13.74,13.74,12.9,13.16,13.55,-0.39,-2.8782,2842.93,3754.986
836547.BJ,20240723,13.96,14.11,13.51,13.55,13.94,-0.39,-2.7977,2176.8,2994.125
836547.BJ,20240722,14.19,14.25,13.85,13.94,14.25,-0.31,-2.1754,3118.08,4368.127
836547.BJ,20240719,14.67,14.8,14.16,14.25,14.6,-0.35,-2.3973,3845.65,5516.782
836547.BJ,20240718,15.03,15.03,14.21,14.6,14.96,-0.36,-2.4064,5443.42,7935.062
836547.BJ,20240717,13.97,15.18,13.95,14.96,13.95,1.01,7.2401,13179.99,19472.684
836547.BJ,20240716,13.26,14.0,13.0,13.95,13.24,0.71,5.3625,4030.33,5508.737
836547.BJ,20240715,13.4,13.57,13.24,13.24,13.38,-0.14,-1.0463,751.2,1006.207
836547.BJ,20240712,13.49,13.79,13.3,13.38,13.51,-0.13,-0.9623,1521.56,2054.162
836547.BJ,20240711,13.23,13.6,13.18,13.51,13.06,0.45,3.4456,2409.47,3234.619
836547.BJ,20240710,13.24,13.28,13.03,13.06,13.25,-0.19,-1.434,602.91,792.406
836547.BJ,20240709,13.24,13.36,12.74,13.25,13.1,0.15,1.145,2218.71,2905.76
836547.BJ,20240708,13.55,13.55,13.02,13.1,13.52,-0.42,-3.1065,2066.25,2720.808
836547.BJ,20240705,13.77,13.77,13.3,13.52,13.65,-0.13,-0.9524,2246.65,3014.343
836547.BJ,20240704,13.86,13.98,13.48,13.65,13.86,-0.21,-1.5152,2085.78,2861.122
836547.BJ,20240703,13.82,13.95,13.73,13.86,13.91,-0.05,-0.3595,919.32,1269.511
836547.BJ,20240702,13.83,13.93,13.8,13.91,13.97,-0.06,-0.4295,1003.45,1389.977
836547.BJ,20240701,14.11,14.11,13.71,13.97,14.04,-0.07,-0.4986,2762.08,3830.052
836547.BJ,20240628,14.18,14.18,13.79,14.04,14.0,0.04,0.2857,1972.26,2758.383
836547.BJ,20240627,14.31,14.35,13.89,14.0,14.38,-0.38,-2.6426,2043.17,2876.016
836547.BJ,20240626,14.4,14.43,14.08,14.38,14.23,0.15,1.0541,1916.56,2741.115
836547.BJ,20240625,14.2,14.37,13.8,14.23,14.15,0.08,0.5654,2451.49,3469.426
836547.BJ,20240624,14.75,15.0,13.67,14.15,15.06,-0.91,-6.0425,5062.82,7285.295
836547.BJ,20240621,14.39,15.18,14.3,15.06,14.42,0.64,4.4383,7549.14,11264.586
836547.BJ,20240620,13.95,14.42,13.95,14.42,14.13,0.29,2.0524,5218.36,7442.19
836547.BJ,20240619,13.83,14.38,13.67,14.13,13.88,0.25,1.8012,3764.9,5308.602
836547.BJ,20240618,14.0,14.0,13.78,13.88,13.89,-0.01,-0.072,1172.26,1628.444
836547.BJ,20240617,13.97,14.07,13.85,13.89,14.09,-0.2,-1.4194,2067.98,2877.455
836547.BJ,20240614,14.0,14.26,14.0,14.09,14.04,0.05,0.3561,2160.13,3046.677
836547.BJ,20240613,14.28,14.29,13.9,14.04,14.35,-0.31,-2.1603,3315.87,4659.284
836547.BJ,20240612,14.5,14.5,14.21,14.35,14.26,0.09,0.6311,2696.96,3858.338
836547.BJ,20240611,14.3,14.3,13.73,14.26,14.26,0.0,0.0,2481.23,3509.776
836547.BJ,20240607,14.39,14.4,14.0,14.26,14.05,0.21,1.4947,1896.64,2691.794
836547.BJ,20240606,14.59,14.6,13.88,14.05,14.28,-0.23,-1.6106,3248.4,4623.585
836547.BJ,20240605,14.9,14.9,14.25,14.28,14.78,-0.5,-3.3829,2883.41,4154.942
836547.BJ,20240604,14.95,15.0,14.68,14.78,14.87,-0.09,-0.6052,3602.34,5349.365
836547.BJ,20240603,18.5,18.5,17.88,18.14,18.32,-0.18,-0.9825,6101.46,11111.49
836547.BJ,20240531,18.49,18.51,18.06,18.32,18.35,-0.03,-0.1635,2588.93,4725.498
836547.BJ,20240530,18.19,18.6,18.11,18.35,18.22,0.13,0.7135,3871.97,7126.285
836547.BJ,20240529,18.74,18.74,18.18,18.22,18.6,-0.38,-2.043,4829.71,8852.856
836547.BJ,20240528,18.9,19.08,18.5,18.6,18.83,-0.23,-1.2215,3745.66,7025.372
836547.BJ,20240527,19.31,19.68,18.8,18.83,19.4,-0.57,-2.9381,5984.8,11408.176
836547.BJ,20240524,18.9,20.06,18.81,19.4,19.2,0.2,1.0417,10053.15,19661.379
836547.BJ,20240523,18.58,19.77,18.18,19.2,18.81,0.39,2.0734,12968.86,24663.469
836547.BJ,20240522,19.56,19.78,18.75,18.81,19.18,-0.37,-1.9291,7749.94,14901.684
836547.BJ,20240521,19.75,19.96,19.08,19.18,19.97,-0.79,-3.9559,6853.92,13310.279
836547.BJ,20240520,19.84,20.2,19.66,19.97,19.9,0.07,0.3518,7126.03,14177.371
836547.BJ,20240517,19.8,20.39,19.67,19.9,20.06,-0.16,-0.7976,8014.28,15987.372
836547.BJ,20240516,20.2,20.54,19.82,20.06,20.1,-0.04,-0.199,6980.69,14051.449
836547.BJ,20240515,20.51,20.51,19.78,20.1,20.69,-0.59,-2.8516,10284.38,20595.543
836547.BJ,20240514,21.7,22.12,20.5,20.69,22.13,-1.44,-6.507,15472.03,32782.035
836547.BJ,20240513,21.83,23.8,21.13,22.13,22.84,-0.71,-3.1086,18768.43,41835.442
836547.BJ,20240510,21.96,25.99,21.96,22.84,22.5,0.34,1.5111,27297.03,66164.1
836547.BJ,20240509,22.65,23.3,22.16,22.5,23.48,-0.98,-4.1738,20527.94,46443.569
836547.BJ,20240508,20.8,24.88,20.42,23.48,20.95,2.53,12.0764,34194.65,76494.288
836547.BJ,20240507,21.24,21.72,20.51,20.95,21.95,-1.0,-4.5558,20918.45,43912.932
836547.BJ,20240506,21.68,24.0,21.22,21.95,19.96,1.99,9.9699,32358.66,72553.053
836547.BJ,20240430,18.7,20.58,18.18,19.96,18.39,1.57,8.5372,17650.58,34608.968
836547.BJ,20240429,18.3,18.47,17.36,18.39,17.18,1.21,7.0431,9222.79,16623.976
836547.BJ,20240426,17.06,17.18,16.78,17.18,17.0,0.18,1.0588,2809.47,4780.427
836547.BJ,20240425,17.1,17.17,16.88,17.0,17.11,-0.11,-0.6429,3063.27,5213.523
836547.BJ,20240424,17.06,17.23,16.79,17.11,16.93,0.18,1.0632,3054.33,5197.628
836547.BJ,20240423,17.24,17.24,16.8,16.93,17.3,-0.37,-2.1387,4921.47,8334.942
836547.BJ,20240422,17.28,17.39,16.92,17.3,16.92,0.38,2.2459,3046.8,5247.139
836547.BJ,20240419,17.11,17.37,16.91,16.92,17.23,-0.31,-1.7992,2482.14,4242.581
836547.BJ,20240418,17.27,17.27,16.53,17.23,17.18,0.05,0.291,3215.45,5475.156
836547.BJ,20240417,16.77,17.33,16.77,17.18,16.48,0.7,4.2476,5103.25,8755.632
836547.BJ,20240416,17.5,18.3,16.26,16.48,18.0,-1.52,-8.4444,12757.19,21360.087
836547.BJ,20240415,19.39,19.39,18.0,18.0,18.47,-0.47,-2.5447,5792.84,10749.297
836547.BJ,20240412,18.95,19.26,18.47,18.47,18.98,-0.51,-2.687,3082.2,5777.416
836547.BJ,20240411,19.33,19.45,18.71,18.98,19.49,-0.51,-2.6167,2376.86,4515.381
836547.BJ,20240410,19.15,19.97,17.95,19.49,19.21,0.28,1.4576,4355.85,8414.171
836547.BJ,20240409,19.05,19.41,19.01,19.21,19.0,0.21,1.1053,1957.02,3759.139
836547.BJ,20240408,19.74,19.91,19.0,19.0,19.93,-0.93,-4.6663,3171.35,6188.128
836547.BJ,20240403,19.76,20.26,19.72,19.93,19.76,0.17,0.8603,3057.65,6081.539
836547.BJ,20240402,20.2,20.35,19.76,19.76,20.3,-0.54,-2.6601,4664.06,9332.734
836547.BJ,20240401,20.15,20.55,20.15,20.3,20.26,0.04,0.1974,3394.98,6888.476
836547.BJ,20240329,20.4,20.53,20.12,20.26,20.36,-0.1,-0.4912,3507.35,7120.183
836547.BJ,20240328,20.63,20.98,20.01,20.36,20.58,-0.22,-1.069,5063.05,10357.781
836547.BJ,20240327,20.69,21.38,20.49,20.58,20.67,-0.09,-0.4354,4452.91,9326.316
836547.BJ,20240326,21.26,21.39,20.53,20.67,21.26,-0.59,-2.7752,5114.96,10648.884
836547.BJ,20240325,20.69,21.52,20.5,21.26,20.68,0.58,2.8046,6171.94,13039.018
836547.BJ,20240322,21.21,21.21,20.68,20.68,21.22,-0.54,-2.5448,3614.09,7550.689
836547.BJ,20240321,21.79,21.89,21.0,21.22,21.83,-0.61,-2.7943,6377.89,13661.474
836547.BJ,20240320,22.25,22.25,21.61,21.83,22.07,-0.24,-1.0874,6189.51,13471.193
836547.BJ,20240319,22.65,22.66,22.07,22.07,22.65,-0.58,-2.5607,8813.2,19719.235
836547.BJ,20240318,22.5,23.33,22.0,22.65,22.21,0.44,1.9811,9194.45,20808.532
836547.BJ,20240315,21.88,22.79,21.31,22.21,21.89,0.32,1.4619,13855.44,30639.308
836547.BJ,20240314,21.43,22.23,21.4,21.89,21.15,0.74,3.4988,13085.33,28626.024
836547.BJ,20240313,21.0,21.66,20.85,21.15,21.38,-0.23,-1.0758,8384.75,17668.659
836547.BJ,20240312,20.66,22.02,20.66,21.38,20.98,0.4,1.9066,11685.73,25067.688
836547.BJ,20240311,20.8,21.19,19.89,20.98,21.45,-0.47,-2.1911,14542.08,29741.701
836547.BJ,20240308,20.66,23.88,20.41,21.45,19.7,1.75,8.8832,24148.14,53295.736
836547.BJ,20240307,20.35,20.35,19.62,19.7,20.38,-0.68,-3.3366,6377.38,12681.122
836547.BJ,20240306,19.31,20.68,19.29,20.38,19.29,1.09,5.6506,9088.77,18235.97
836547.BJ,20240305,20.27,20.43,19.12,19.29,20.45,-1.16,-5.6724,9442.38,18475.809
836547.BJ,20240304,21.45,21.7,20.21,20.45,21.41,-0.96,-4.4839,10613.55,22132.38
836547.BJ,20240301,21.53,21.84,21.35,21.41,21.74,-0.33,-1.5179,6381.39,13795.091
836547.BJ,20240229,21.19,21.85,21.01,21.74,21.49,0.25,1.1633,10495.6,22529.622
836547.BJ,20240228,22.25,23.7,21.32,21.49,22.42,-0.93,-4.1481,14432.46,32419.533
836547.BJ,20240227,20.67,22.49,20.35,22.42,20.81,1.61,7.7367,18608.73,40539.449
836547.BJ,20240226,20.92,21.27,20.33,20.81,20.98,-0.17,-0.8103,7652.46,15887.323
836547.BJ,20240223,21.96,21.96,20.76,20.98,21.72,-0.74,-3.407,7710.08,16288.722
836547.BJ,20240222,21.43,21.93,21.36,21.72,21.6,0.12,0.5556,6731.65,14541.023
836547.BJ,20240221,21.36,22.47,21.23,21.6,21.78,-0.18,-0.8264,8748.36,19038.601
836547.BJ,20240220,20.83,22.3,20.36,21.78,20.98,0.8,3.8132,10455.21,22574.848
836547.BJ,20240219,21.2,21.21,19.89,20.98,20.74,0.24,1.1572,9783.11,19899.854
836547.BJ,20240208,20.82,21.45,19.0,20.74,20.32,0.42,2.0669,8423.09,17067.004
836547.BJ,20240207,20.31,21.95,19.84,20.32,20.05,0.27,1.3466,12319.77,25977.592
836547.BJ,20240206,18.0,20.59,17.69,20.05,18.33,1.72,9.3835,11076.54,21730.847
836547.BJ,20240205,18.98,19.3,17.55,18.33,19.65,-1.32,-6.7176,8054.91,14974.923
836547.BJ,20240202,21.2,21.69,18.75,19.65,21.57,-1.92,-8.9013,10526.73,20934.915
836547.BJ,20240201,23.34,23.41,21.5,21.57,23.25,-1.68,-7.2258,7901.74,17757.617
836547.BJ,20240131,23.46,24.1,23.2,23.25,23.63,-0.38,-1.6081,4884.05,11589.407
836547.BJ,20240130,24.93,24.93,23.05,23.63,25.02,-1.39,-5.5556,8312.04,19923.162
836547.BJ,20240129,26.34,26.69,24.78,25.02,26.0,-0.98,-3.7692,7687.92,19757.797
836547.BJ,20240126,26.4,27.3,26.0,26.0,26.55,-0.55,-2.0716,6338.83,16914.034
836547.BJ,20240125,27.01,27.75,26.35,26.55,27.36,-0.81,-2.9605,12168.65,32755.873
836547.BJ,20240124,28.66,28.66,26.9,27.36,27.96,-0.6,-2.1459,9034.73,24905.883
836547.BJ,20240123,27.88,28.57,27.52,27.96,28.21,-0.25,-0.8862,8987.93,25162.585
836547.BJ,20240122,28.09,29.5,27.42,28.21,28.02,0.19,0.6781,17432.12,50146.709
836547.BJ,20240119,27.5,28.33,27.4,28.02,27.64,0.38,1.3748,11794.03,32923.823
836547.BJ,20240118,26.9,27.66,26.26,27.64,27.33,0.31,1.1343,11422.72,30710.992
836547.BJ,20240117,27.8,28.69,27.3,27.33,28.25,-0.92,-3.2566,13655.93,38340.164
836547.BJ,20240116,27.69,28.3,26.0,28.25,27.24,1.01,3.7078,14516.69,40003.259
836547.BJ,20240115,27.0,27.89,26.28,27.24,27.0,0.24,0.8889,7099.46,19294.501
836547.BJ,20240112,28.26,29.32,26.66,27.0,28.6,-1.6,-5.5944,13427.79,37572.705
836547.BJ,20240111,28.0,29.15,27.4,28.6,28.88,-0.28,-0.9695,15126.82,42750.681
836547.BJ,20240110,26.95,29.97,26.46,28.88,26.8,2.08,7.7612,21318.04,61051.541
836547.BJ,20240109,28.1,28.69,26.16,26.8,28.1,-1.3,-4.6263,15847.23,43067.202
836547.BJ,20240108,29.9,30.8,27.9,28.1,30.13,-2.03,-6.7375,15566.12,46026.407
836547.BJ,20240105,32.5,32.52,29.88,30.13,32.32,-2.19,-6.776,27512.23,84659.292
836547.BJ,20240104,31.86,33.86,31.5,32.32,31.86,0.46,1.4438,24013.95,77710.141
836547.BJ,20240103,31.3,32.8,30.56,31.86,31.33,0.53,1.6917,28812.56,91628.734
836547.BJ,20240102,31.03,32.38,30.5,31.33,30.71,0.62,2.0189,27384.78,85262.995
836547.BJ,20231229,30.3,31.31,30.01,30.71,30.74,-0.03,-0.0976,26652.4,81696.664
836547.BJ,20231228,31.3,31.91,30.2,30.74,32.4,-1.66,-5.1235,45398.66,140830.473
836547.BJ,20231227,30.19,37.0,30.19,32.4,29.91,2.49,8.325,62914.73,208797.404
836547.BJ,20231226,29.5,31.0,28.5,29.91,28.95,0.96,3.3161,55783.37,166899.368
836547.BJ,20231225,26.85,29.1,26.38,28.95,25.86,3.09,11.949,42194.51,117122.163
836547.BJ,20231222,26.01,26.54,25.55,25.86,26.6,-0.74,-2.782,21599.48,55967.98
836547.BJ,20231221,28.53,30.0,25.0,26.6,28.02,-1.42,-5.0678,36516.66,102331.815
836547.BJ,20231220,26.33,28.73,26.33,28.02,26.66,1.36,5.1013,29639.09,81824.418
836547.BJ,20231219,28.18,28.46,25.9,26.66,28.25,-1.59,-5.6283,35713.42,96154.414
836547.BJ,20231218,28.5,29.19,28.01,28.25,28.7,-0.45,-1.5679,29732.63,84751.448
836547.BJ,20231215,28.05,29.98,27.41,28.7,28.35,0.35,1.2346,47701.95,137415.759
836547.BJ,20231214,27.6,30.1,27.09,28.35,27.8,0.55,1.9784,69061.93,196347.793
836547.BJ,20231213,26.35,29.38,26.3,27.8,28.44,-0.64,-2.2504,78820.06,218055.625
836547.BJ,20231212,30.21,32.29,28.3,28.44,16.53,11.91,72.0508,140188.38,422336.116
836547.BJ,20220913,15.04,16.34,15.04,16.34,19.11,-2.77,-14.495,2.0,3.138
836547.BJ,20220908,19.11,19.11,19.11,19.11,20.57,-1.46,-7.0977,1.0,1.911
836547.BJ,20220825,20.57,20.57,20.57,20.57,10.48,10.09,96.2786,1.0,2.057
836547.BJ,20220824,10.48,10.48,10.48,10.48,,,,1.0,1.048
